flyasgermanwings,bc384491-4cf7-4185-be07-9bdb5a8310d4
newportpeak,9bbef752-7353-46e5-8eef-2bcba6b0adc1
scout2007,cbcf88f1-9354-4c26-ad46-634ce820181a
jdalglish,f01f1681-ae6a-4155-be8d-4798b666731e
itismina,fb43d2c4-08f0-4dc2-98a1-34b92ae92aad
cfg_deathraymann,c0b309d5-9a8e-307f-a0ca-e83b760bc0d8
jaspaoliver2005,7a6a406f-d2f5-4aa0-a047-e32361372517
thecreepermatik,262aa942-2279-4ced-9840-1983d518089d
liquidp0tato,d3a616eb-5ae3-4c5c-ab4e-c5b9ce15f6bb
mranthonyy,af120967-dd54-46fd-b1c9-ad4b4c73d580
dringoman,0e2ee43c-b272-4ddb-8a85-1fb7450b4a2e
mudd,356f8678-45ae-42c2-8943-ff3110a4b033
omgitskers,4a2993ae-08d3-472a-8d09-ca69ede4f906
toygamerhd,b6566edc-0ded-35a0-bfc8-d05a23ffa608
itechnologyman,0b66f911-b531-4476-8b5f-d73691286cc2
bibbilover,a63e6c4f-2e46-3126-bba1-e6a472fa5d45
connorthecoolkid,fad890ab-b64c-488f-bc7a-24295dbb9499
boywithabike,b6dec71e-e5e0-451c-abe9-32cb84c1dd33
sneakyplayer,c7b90feb-5780-4131-ab64-9e2eaa849a21
metalator,2ca2241e-f022-44f6-87a0-de431a22c23e
justjax,c2dfe058-0969-4211-92dc-cdbf32e0deba
jackosnacko,cececd16-ea0b-423d-a456-dd52c32a124b
maddoxdad,902717a4-62b0-4240-96fa-d7155ce2cf3e
ironbody963,8c056ca1-7b59-4477-9b02-bde380ef7e22
dr_ibble,a0eb5a43-99f0-4196-bbc4-39d32571f100
sweetangeline,d2cba78c-0421-443a-b88e-1a4e07c89551
kdc029,c5eb68ce-f439-4807-ab9a-6c145653cd9c
roll,ee627e34-70f3-49b0-9be4-9e0eebcf4ab6
weedle11,b48ee2b4-025f-443e-9d06-fe35215ef013
ilikejunkfood,a03475ba-6d00-3a94-8332-c405312eae7b
xfangus,13590188-a0e3-411f-8ff8-f49759d08730
braidenn,13590188-a0e3-411f-8ff8-f49759d08730
veinydick,053cb992-74c1-3c21-8a43-48db3661fef4
xx_chibi_chan_xx,af17317a-a4a6-4ff2-8456-8dcba98c296e
lokisnipzz,d24f61de-541a-4d29-ab4f-56e8d7d2b2ed
pokemongoisgay,f9bc5e6e-6e6a-4050-beef-c0360b7c443d
cindii,86e622fa-6a57-33a2-b6c8-be9b603dae58
fruq,02be774c-a3b1-409e-88d9-c28d1392e206
starball891,d48262eb-28cd-49ff-a50d-22713fd59f7f
jieloo,8a2dedb7-7972-443e-802f-5511452c6ee1
lucentbeams,224a7b73-da5c-4897-bf3e-1a19abaf25b0
xxshepxx,5c55d6c1-69c4-46ab-9f1a-a6d20e49ef69
dragonicangel,069fae7b-7539-493f-93c7-b260a0fa24b0
kickass_rainbow,84b4bf22-701d-45e2-8101-7abfa8d92136
radioactive_pvp,251c8f08-f76b-4a49-8300-da7e980e4db8
venom_190,7ac8832e-59cb-4900-8088-d8254fe56900
whydoeschair,e9c93cbc-2718-497a-b3bd-812b69752115
miniin002,32ebb4ec-3d71-4850-b6f0-760507be8a33
slash1247,ce239250-b9ee-34a3-8db6-6bce839586a0
atv103,97846fe2-c0b9-4274-97bd-d28c38a437b3
chocchipcake,5b4499d6-01f9-44eb-be86-518fbbe590c7
mincq,4302986c-cf26-49a2-b55f-6c19f99836a5
yourdreamgirl123,cc5bd2fb-2fda-4153-addc-f063f6af1036
zerka01,1f776897-ab91-4268-85c3-3eb8cfec4123
voxelon,3176ad3e-908f-4206-b82c-dc4ebb06ec2d
lukepvp__,b79f567c-8507-3020-a4df-c2b1738b00d9
trenttn,aa792378-ecc0-3a43-9fcf-dfb7a8347292
sollic,ba82b781-9c14-444b-959f-1819287466e5
wesleyw1998,29c506ef-bb4b-4a0b-8326-4d0a57222d63
eages,eeaa1a55-7fb6-3032-8eb4-0399fb68824d
jd7_pro,392eda9f-078f-4eec-bd9e-20ea876662d7
jccrea,aa6b92e7-f2aa-4f17-a5e1-44b868efe2ba
bilboswagginzz_,beb7182b-3edd-42c7-845d-54e55f86cf23
deltatacoman9,55bdd6e1-6912-48da-9a35-b29529e7ee69
strawberry1525,53657119-5af3-4e1f-82f3-d60fd705bf11
aqualord_spawner,6c991008-2f44-42e5-952e-5fb764d10c92
unicornerica,1290c0c7-aaa5-41e2-89fc-f0bcec63c649
scarletlotus,55065840-37aa-49e2-bfef-6fd67b776afa
valkraken,6d0ef865-4de4-4dfd-a3eb-96c665f13bde
chieface,342e14f9-806a-3398-bb40-eb6c1588263c
blazingsword99,d623b752-af18-4e45-a9da-397313e73375
bountyhunter_985,c9f1d29d-a04e-4dd8-b06a-05c1040c4b03
mountain_dew1500,1cfe06cc-d475-4107-bb72-71e0551fba9f
maxedoutgamer,b6e4425e-a92e-4cbc-b9df-8fe99e3a845a
jericho,a5130bbc-1c72-34c5-b2c7-09a73e36554c
xii_g_unit,c1a10dbe-3a51-4217-9c94-665c92db5259
josh1106,29dae11f-d532-4504-a7c6-2322d2184cd3
migrantorb,f92dc0fe-ce7c-41cb-8cbe-f4fb0cabb8fd
hatzgirl123,387182b9-85c2-4563-b1d1-50d5ef2f278a
scythexo,9099565f-dda5-4f37-b145-35cbec93ba39
immortalskull,250428c6-0f6d-40a1-bb46-570670075f9b
vskylar,78afbb0a-5f5d-4f99-b048-ceb8ff0f39c0
mack_mines,fe325016-08fe-488e-8ee5-38ace022771c
thesavagepenguin,1c90f33f-1ab7-4819-b9b2-1560191aaaaf
lilymay116,8b65899e-dbd6-4ccc-a2ac-7b64641535ef
ayeeitzflip,d9745029-533d-4edf-a5d3-092fd0a94ff3
bleuskys,8202e980-e4ce-4988-8f33-507f518dca5e
icorzi,66c50495-8e0e-47e7-8fe0-adc716ac06c9
kitkat_n,aa3cf3a8-5c74-45cd-becf-d8a0b52c3485
butcherwho,ce2975f2-6f89-4c61-94a6-c9872f9ee182
lushliife,4a0c9358-2202-4fca-a306-1835338985c3
sir_dale,3ae92d99-df36-4b53-ac2a-405a1603929d
datguyinthecornr,992eba8f-6b50-4879-a83b-61d38f8b336c
icedragon_1yt,558b5741-5f26-483f-a9b2-0175edfaeb49
smiqqu,ddd76ca1-71a4-491d-9efd-1eb34c468dbf
hanibun,e037cfc7-adb4-472b-80e0-d8a200fc3e8b
sirveery,ae29bf62-3f3e-3892-84ca-e852f37a3c0c
lordofpancakes98,adb17a51-e1c2-37fc-afa4-fa26fc8fdf02
saxon07,5cfabc7d-f67c-4510-b981-00181111aded
xxerza_scarletxx,3dfcf5ea-9d97-4c9b-a7f1-7af7e46b2c98
luxita,9690aa00-78fb-3262-943c-76a0660e7e03
mthr_fkr_jones,0f1f1170-bab3-3540-ad50-7600aeffc1a5
uzi_ink,e01c6ea3-2797-4572-b9f4-dbfb87177a72
pumkinmaster,aa1356e8-6307-45be-8c7e-653fad385ee9
mrcoolguy4890,23532d28-a9ad-4ccf-bb0e-344185da9593
nanadanoob,ae76a27a-add0-4ff7-bc4f-ccff9ae44a1f
erikhale,4a3cc34f-9fd6-433b-9700-2770cb7edb9a
z_shadowknight_z,49e7a47a-34ae-4aec-9755-f96e49b83e9c
__navezgane__,f7b9a325-c05d-49c1-a294-8f6708cd6add
edbanger88,b4c735d1-97c5-4edb-bcf0-b37426fbbc42
chalwk,81432a39-85d3-4236-ade0-3c15da9b2c64
bythinel,e646b0cc-a90f-4793-9a9c-1f00ccfc8654
rektbythebladem8,22277b7b-ed69-405b-95a6-34f039434567
agentx41822n,08b31eb4-97a2-33c6-b5db-32b1d111fbdc
crispehyt,87e831a6-49fc-4b6e-8084-33d6d9c99a5a
itzmia123,5d43656a-8599-46e3-848b-88e8a70ce84a
mythicalsurvivor,56a47243-fe61-4d49-8716-12ca8a60e7d3
lily1709,f4ba4b3b-cf6d-4d0b-8927-1ce7b7377c90
lethal_bacon69,0d91c746-485c-41b9-a23d-60c41a10efb2
adamgman13212,86cb1698-e5bb-407c-ab33-7ea0052c2813
pandylovers,ec15f278-0c35-4ab3-bca8-61ec037e1c5a
exactproject,cd09c178-9c00-4169-95b5-51fbb5c98b92
kirbybro_106,d9a053d8-eb7d-4bef-8251-ff220a533784
ritopia,783c4c01-36e0-41e8-9994-7e45a2948ed5
mikelovin8,17492a2d-1d63-35f4-93f0-6639c9416b11
darkdeath7951,396c4537-481b-4264-99da-706dbb60c617
joelcam,1f8f6e85-5175-4f54-a154-4b3c5399cee6
amzingmlplover,b37c4f9f-1478-4bff-9a1f-0bc67753bb5f
wafloon,ee4c0693-12bb-3327-8c51-4b70b518b139
cwl900,19ab12c3-8949-3376-8d41-4563c85766a7
zeeable,72fbdbf2-979a-487c-a203-ac90e060b832
masha1126,9e1e9488-4eaa-360f-8081-525369f54a7b
johanzetterberg,a0007677-0cc9-435e-a8f3-9bb9deed6872
xxx_blade_xxx,22277b7b-ed69-405b-95a6-34f039434567
flamewarrior101,1a9faf88-21b5-4ff1-ab8a-090fc2a30d06
natandem,455786e2-4703-49ec-a082-ad76025d17b5
superultron,bf4eff29-b5dc-4dbf-871e-d7fd875a5030
_thewindowman_,a52330b9-02e1-3f16-a475-c2c1a30be166
dylandoesdirty,c3434aff-fe49-4c9d-87d9-2394813d5e65
luckypeco,e805efa9-839e-4ab0-8a25-4bedea5608e7
siracceptable,fd901261-74a7-44fc-8945-255afd4062dc
backboi490,88b5028a-ca3f-4256-ae64-fbfd793f8cff
nelsonw,d970f70b-62ea-4004-9a15-d34681d0bdd4
clintq,e06555c7-7172-4e0d-b6ec-5efe82c25ae1
xvovx,cfcdb98e-ea8f-4dc3-90e7-531229400e47
papenfuss,847cdc51-e4c7-406a-81ab-9d9c413dbda1
wubman535,0182b037-ce70-4f40-97eb-e66ce16f9251
regieplayz,ec2e074d-78ab-4c8e-9a35-976420c6cc64
tr1_harder,0993b6eb-c50e-40c4-8287-ec30f1ae9253
htg_spikes,ce76efb0-b7d5-43aa-ae2e-08fd6546f9fc
peakencyte,19a5d7ef-746f-383a-b8eb-3034ac3595b6
nika_chan,22abc845-fdec-49fa-b82e-df548407d66e
_lionking,504b0370-1d01-4941-81f7-75b27745f326
the_raven117,14de3465-7b61-4188-9e3b-02eec310e8f0
dakotawebber,999c4b88-890f-4110-8b6f-7fbbb34e0251
slaterbug,b992685c-42f5-4f5d-9822-9ded9858e8ca
alienxy,407c9264-7e26-4a91-a72b-432e0951107f
teamthreestar_,8a717cd0-e5db-456c-9aee-9304287bd9ce
scorpiogamer26,c8cd5631-b6d2-4453-94a6-b9b66d4df078
soldierdude9,5dcc4bbc-f376-4afa-883b-783f4e560e80
lordcatfish,0e2afdd5-f264-4e4f-82c6-6e063d99ae25
beretta351,1fb3e36e-d648-45f6-8e75-c2567ee19757
mr_inf1nite,10d85b5c-10fd-49a4-92f8-0b365885c733
mustillo,eb36871c-03ee-3a72-9b9c-acd4b25b0308
biscuit894,73170617-68d0-478e-b198-380a192b2b6d
bigfatzombiegold,85e8eced-a971-4bbc-b34f-d32a354337b9
denyyfentem,dd729d85-2878-3301-ba65-d58b4d063f3c
catsrock237,3733a136-8eb0-4c8a-bcfa-cec3d2e866fa
oly_,d9d75357-3876-4adc-9eff-a8ca20b1f3c9
stendogz,4e16144b-22a6-41da-a007-5a86e51d1a72
donut_pig13,fb758f34-22f0-4a38-9c92-0760b8a18c9b
mountainjewnz,3fec7078-155a-3cc9-b488-43112495aca9
grtamlinb,0de95f78-a4a5-4c63-b2b6-4ea6c1c1aa9d
minimuscle,16b53680-66e4-3c5b-aa24-1d394c697926
scorpiogamer99,82201565-4268-414b-a2d7-23614be0057f
mc_comics,409571d1-9723-4853-878c-209b8e2fd37e
_tardis_,97b069c9-e5e3-400a-a0cd-5408246a15b7
lildeesog1032,c6a8f118-cfdf-3d24-b9ad-6a90267c1f68
the_scarecrow666,b6ec104c-39e2-383f-832d-b3bfc7a2f339
mshee32,6edf19cb-88c6-435e-add5-21afe95e7e1d
_electronicgirl_,374fa5c8-4900-4a39-8edc-5a5e4a5a79ed
army,4050f3f2-6980-3b86-b131-67940e29e138
beanmc,38a88456-c8c5-45e9-8595-c8380d7fe668
dnomderyaj,fe8eb075-2347-43d0-ae7a-8b4ddb490b47
mrpandar,9daea77c-08cb-4bea-9fc3-77594923d596
llunicornll,d5d5759a-6f94-40c8-9fc2-3f86fbe0e05a
tietoes,b4f5d1dc-cef3-4902-a98d-83fe037afaa4
abovegames,b62c9b2d-db54-4636-8527-451e380f253b
roniiii,53012096-c7f2-4ae4-beeb-569050b931ec
deandestroyer123,b6ff456a-b6bc-42c6-a7fe-80c29d4f21b4
toybonnie28,e7fbbf3d-5d78-44fa-9af5-243cd999a5c5
daniel4lif,34c1c81f-9fcf-4c82-a3d6-df1047cb9d20
100_jelly_beans,d3ad562e-a082-46ec-99c8-9df1183c51de
v_vonschweetz,9bf15c07-fc1b-3b05-880a-0119f81e526d
calex_ez,505e453f-4b17-4404-98e3-a494b28c3257
ninga54,d641382c-7b3f-461e-a954-880926a74846
nuclearjasper,0b916a13-ab6e-48de-8718-b9f0e346032c
razor_edge_101,979f396e-1c7e-4286-a8ae-531c80d05c40
clayhound,6b2d642d-8a24-40a6-b2c3-c59c83bb6211
skyelle,9fe78886-c0af-4dd8-a90b-d137e9e18aa4
xx_batpawz_xx,6110ec18-91c8-4e49-ad3a-9035d27b2963
elibaca0903,579b3683-59e4-4172-8313-1edf31cefb3a
tahazoabi,afe39d98-18f4-4de6-9cbb-f8dd8992b822
capsicanz,39a969f0-aea3-40b7-9277-ad33aeeb2d0b
joosafiena,de61a80c-0257-48fb-a48a-9239f58ed275
a_no_n_y_m_ou_s,e90f0221-eeb8-4032-940b-3b3a65b1e51a
khaidu,72e3c952-8ebc-4a33-b3ed-286c1551b6d0
greyknightsindre,99831396-fd69-43d2-9503-a22f6e10e85e
elliepuzzle,bf83861a-58d5-4cd0-8ae8-d64250b55ceb
glassangel,b4102fdd-4f74-45d7-82cf-9e4418ca7ffd
the_homefront,45f404e6-52f9-46dd-b69a-11e4f80f88f9
johno147,e2796179-4c12-4244-acf8-761b2796402c
holy_seraph,928c749d-b2a0-4c73-9096-5648d76771e5
wolfamelon,0442e130-797e-4f25-ab2a-e404314353da
dahdrunkllama,94e8013b-c80d-4767-b69f-1e06713484ea
milky247,e4731a76-139a-46ae-bf6e-1cc807391f6f
xd_logan_xd,2d3482cb-5805-4abe-a485-e4bda97c3553
taco_lobster,854f8123-8342-4de2-8ec6-88c3c41fad6f
xilondre,45d25841-c14d-4efa-9495-52bd955b322f
xsmaller_ballerx,0534db1a-4b90-4971-bd7f-b9ca3fd27e65
flipper1020,d3af62ef-10f4-420d-8a90-ecf77b718b00
poppybros,dc0f56a2-32c2-47dc-92d9-cfc9c47c10fc
lordbyron,dd8a50d5-5906-4027-930e-a2895cff830c
pizzahutguy,996c8f3d-fa76-4189-ae48-226ce1dcd83a
littellenny,95657207-8186-4e0b-ba5f-6093c8afe0ae
shootmenow,0e702a92-d3fa-3111-8efe-f65239218f35
wolfeygames,4077cfc3-24d0-48d1-a280-d60c16e76062
peterthechickman,3cb2c2c2-f7cc-4ebf-b96a-43274240e58b
motionpvp,0d33ec9a-948f-489d-8fd1-f533c4d37f14
johnyghost120,b898ef9f-db66-4e3d-98e4-f9197aad0da5
lona_chan,3dfcf5ea-9d97-4c9b-a7f1-7af7e46b2c98
puppetqq1,49d80f0d-7d77-4ead-bc73-1edc187554ee
d3codar,f868c5d4-a35d-3584-8a06-9703605fbf2b
maxblankestijn,459cabba-bd57-41d0-80fe-8d8c57aa24ca
smileymonster02,3e1d9945-7c70-3817-b6d6-3ba43db206cf
strengiligence,c37becfb-5b7c-4f33-ba06-dc376aa3d56f
emb3rrose,9289c7eb-558b-4312-8cbc-9524b4da03cc
pequinney,e7fbc08b-201c-446d-9e0f-6694800677a3
itzsweetz,1bdc08db-da03-44ba-9a27-fd6d2c4caf60
elizabethab,4954f326-07f1-47e5-8cd8-87fe9ea4cb9b
mutangus,070c332a-97cb-3bb2-8c0e-2776551d97e4
brickman241,6e4daca5-998e-490e-922b-5324eb26696d
mybrotherisanoob,e791e67b-7516-44c0-b755-d6a0455f8515
_yoghurt_,93a1630a-4423-4ca2-890c-6405a3852451
stoopid,d8c2a17f-d319-49c7-8056-6148ea08933f
uurrgghh28,d6f6fea7-4122-4109-b21a-d8a3b74b7224
drakolite,92aa7f18-542c-436c-8df9-ad0970e5e16b
2sparklesforu,05b2bc48-a9bc-399b-9298-6f553e34aee9
xxxrodrigoxxx,162a6d6e-bca9-493d-a1d4-e294144db636
theenderprince,82b9ffa4-e43c-4299-ac71-60dbfe5eb28f
velipse,6fa222a2-d957-4a8e-a26e-9c613c2e208d
vampcat,a16cfe48-be3b-4447-a32c-61b79ac0ec5c
coco0325,31d49336-9ebd-4b78-928f-a748405905b3
sakura625,0b9c1457-9a5f-39e4-8c83-77e9955cdf30
spencerzzz,cdb3119e-5b47-425f-89cf-148f444f4148
xxgigagamingxx,6c29e521-5ca3-4012-a980-9802e14948a6
temmiestar,5d6085cc-2ae5-4a15-8733-465bb97345be
shadowf0x,92c6d176-372d-4ef1-9c0b-c0bb74ee6e42
laceryyyt,7d2a6d22-8488-441a-a0b6-a089c4534502
cyberjet_,9503b941-8506-4e3c-ad50-ae29cc41b44d
am4829,d79a2bf1-a9c9-471a-a000-45d44a603877
szabonight,5aa97ffe-7a1a-4b52-9f6b-30a9747ad067
jabitin,cb1313f2-3602-4dba-a4c2-c8b8cdfac94b
theashboi,b975f95c-36e3-455d-b576-636da66b5466
zorrovian_mk_9,995ab1df-a005-3be3-a403-00356ff57d2f
ibeaturpig,e8f3c2d2-bfe6-4366-8cf9-a0378c44041f
watermelon_girl,80a44aa5-7de3-491f-9b79-eac5a13b03f5
sagewizard,76e188f4-0739-4e3e-820a-81cd8009c570
ramireztime,69be3945-33a4-41d5-b2ff-46da8d027507
xxjava11xx,e88597cb-4269-43d5-ac25-9c2c8eac63c0
coolchace,978c6fde-1370-4e39-9803-0272fcfbdac4
spruez101,d2ab6690-0844-4a2c-a44e-504c26bf25f9
someperson99,b1513178-fce9-4fe0-943e-30e0ec23bcec
sara2290,292b13ba-b868-4bc4-8bb4-526c35819423
meowpotatogerms,2a7b2d65-1cda-45ea-9573-cd7bc4a2d835
heyimcameron,fe0d6f41-4c32-3fd9-9306-4517e91ec6df
itrickiee_,3fb8dd70-851a-421a-8af5-5b0d7eed0adc
michaeljay,7eb76672-3338-3789-94c5-61e0d36d445e
havingacow,84a9c520-6697-3a20-93e6-a7941982855a
superzack9,02399198-a957-4de7-ab34-00faa6b10be6
moonlight_s,2e51177f-7afb-4c2d-a1b7-859379f9deaa
_itztaylor_,b9a5d33d-cc41-4bc4-b704-a42c60835f3a
heavan,db090909-f6a3-4213-bd0a-180fd4b8c83f
tukg0,0ec3623d-f3eb-4739-a742-79a4f6b8108a
skillrexred,6a343ea1-01ea-4683-9241-d59dc1521e6b
freddapvp,6fd99ef8-858d-4503-ac9a-2eb47e847fc4
butter_boy48,b9f4c0e8-3097-4e70-a539-8259d6953a05
shiningedge8,3a6ae799-e15b-480e-95f4-2595f25ec828
jakzanto,01df91a0-844f-4f19-a73a-782299da16be
linkyoshi,d994ca3b-fbd8-4099-a937-1d3778835892
bananachipcake,d357aff4-1d4a-4681-b9df-4d7b241307c3
dapolarbear,028605b0-f2ab-468f-94dd-daf7e8c99e4e
__gutsprince__,c21d4e59-d954-4709-8657-5328c21a44c5
_deathtrap,181e7fb9-bee4-4e90-8637-5bc086697a32
shadowkushdad,2d6f2941-19f9-41c5-b429-7154675a068d
shadow2115,d9f79b6f-9d10-4ff2-ad68-f3292ced2089
boxy1234,0f63ac90-78af-42fb-9163-33e82cb27408
mironshoh9,ff130a2f-9409-49a4-a1ba-5c3dc32e1469
the_gentleman052,015765d6-1069-4d87-ab38-fd53ed5171d2
jgran114,22277b7b-ed69-405b-95a6-34f039434567
soflym8,23b4cdc6-c044-4d52-9c50-8fe612651d95
spencerzz,ccf3493c-f857-4500-8f57-458716ab45c8
hailwrath,c5c5ce78-6e60-346b-bae8-4dbf60cfdbd5
bruinzrule11,58b0da8b-e3ad-4257-a048-b951b2f96018
justus420,4d45ae1c-9de4-4d95-ac38-002c2eecb189
the_joel,816d001d-3ff0-4b55-8ab9-ea212d61e4c6
lizardkang,7a6731bc-bd01-4526-9cc7-bc6128a225ed
ingleboyz,72a7d038-a5f5-4d64-99e7-695e9adf1765
borkal_the_orc,1a9c1f6e-81b6-4f06-8bec-2996558824cc
ainztv,faecb57d-9b2a-49d2-bf74-597b62330dd2
robb_nzl,32e6ddd7-a866-45de-ba72-59083461bf92
adodgylion,5a782b82-fd4d-4ed8-a12a-1a67e56ee84f
hunterlachy,f0d01efd-7c7a-4136-88e7-8d1d3584202d
jumzanto,d273eddf-be4a-4811-bca6-c3319a98cafa
curtaz,c6e2c96b-cb5c-454c-9bcc-55063e899ce1
thatguynerd,6e647819-8544-4778-a8c9-a22337b6b49f
kittyfetish,158925f2-66b6-47a9-8e4f-ad9e0cfc9c1c
springboy98,a3e5e561-2ad0-320b-a9e7-9f8f3637874b
mr_extreme247,20d25d2d-be29-3f29-b4be-14df5f7b8c58
dray24,fe55801c-99ff-4a88-9141-5a3c61149a83
_inazuma_,a570c2a0-9f1a-4c1c-a716-61b50312b993
niikasan,f252225b-f047-456e-8d08-1755ccedaf1b
laserunicorn1,63528acb-229c-43cb-9e95-3f3c353e1990
nessingwary,6e085dec-9c57-4e2b-af13-d6fc8bd8ca68
supritaliano,7cd950ea-796c-48cd-8400-4d45978ae44b
edvardas555,b47ca4fe-d8db-4b11-a9ed-fc38ec37737f
harryoui,5a16524b-8db7-4edd-b809-599b68dc5d7c
topgundan,400b7a03-ded2-415f-b8f1-0081ed832e63
ltjapman256,8ed73635-79fc-4269-8080-df9a71649570
krosis9654,42a95200-1a21-43bb-b8f8-c3d4384bfea5
_sunnytheduck_,e2c7df35-308f-45b4-9707-94a18626eaac
prizonbreak,d632865b-13fe-4673-8b4d-fa1f69ff79a0
yahomiejezus,a4e991f8-be8a-3102-9200-a7b9a4555154
i_r_ash,bf019c7d-4b0c-4b58-8e8e-986c8a6d568e
coooooooooookies,efde79dc-49ea-4142-9680-ee69fed6580a
silent_abyss26,e821ef23-0ec7-4a7c-a9aa-263e36e11bb6
justthatguy132,d273eddf-be4a-4811-bca6-c3319a98cafa
theonlyjohno,7bf22569-6cd1-426d-ac65-b3b5a293021a
batgirlcarson,9bc07b0b-743d-32eb-ba14-d40c1e4dccdb
retrochibi_,373b33c0-52f9-47fd-b945-a204a035ce48
sirius_viper,051be622-fc83-41ea-a49a-b2eb5a57feae
knucklebrain,60faedae-11af-4a3e-aa41-8a6435bb8459
youngtbgaming,9c7e4c07-6164-4854-9251-893cdaf3d22b
moosevinkle,394b7e53-d773-4905-b534-02d943cafb4b
kittycat98,d47ce312-6a6d-4e92-a282-0bb8bafff65d
blackwolf72,a05b2cbb-dc01-3f1b-b3e7-f16eded8d66c
092,e32f2382-8d3d-4a7d-859e-e2f810be31b0
ultragreen131,0aecf545-c09f-47eb-a900-d9350f98ebe7
metalmime,f5f256d3-8907-4823-9429-506d8012490c
st4rw4rs,44521132-62d2-438a-a322-019f25c72da1
paradoxlite,024b88e1-b93e-46b0-a08a-02649603514e
thefiretroll,fee67aa9-4cb0-44f4-8b95-e88176dbc5c6
banycher_,3aa2bdf9-e60d-42fd-964c-c9d5afe3fd8d
rallemaralle,9b18e20a-7001-46bb-bcc4-75e2ff0d6ae2
jaymadrid,b68663c6-7f4f-4390-a944-7fe182a54be7
azurewotan,930b019c-d3d1-489c-9dcc-c3bda2b4df94
xraycatt,23d01601-a898-4de9-bfb9-5a5ca516901b
card_magician,cc521db6-09e8-4384-91b0-be81f42e8f9c
hunterkiller500,fab2180e-df11-4d26-a5bf-47a3b96419fe
lj_diskers,ad26c01d-f11b-43b3-a4ee-51a9f10cbaed
awkward_kangaroo,aaa89e5b-f3e9-4826-b482-d01af00051ae
solidstatedrive,5150ce33-a370-4a4f-a113-c33b06931f94
miltoniusknight,973f4c66-c18a-4ea9-b599-a7326ef25d1b
marnobrits,bfea0da2-eb99-3299-b2f2-0043cea41d89
kryptonic_daze,024a3d5c-72c9-461a-8a29-04d3c562c06a
cheeseman0202,a3a1e1e3-1b7b-4400-8f45-e5af1d81aa50
enviousviper,6fea0f9b-a5e1-4784-8320-dc6875282b89
cosmicmaster82,a1f73cec-ba14-4210-9c0d-8bcbfaec8f79
fakelogic,5cf96909-c304-44cd-a224-beb3f769b052
scottyplayys,90796d70-cad8-3347-8258-d158bf3697f7
metalpanda528,aaac611b-5a4c-479b-9443-2ec3328d2bc5
happygreen,3bae4e41-3a1a-4eb0-9b27-4431ecac516e
jahlan,38d3cc37-6931-3999-8050-e1356b6d3505
strewth,c3755ed3-7910-3d77-8383-d99cee039095
bricksman64,b6757ed8-15d0-48ac-9f4b-8b433de74963
salexm44,3a158d61-e98a-46b9-b448-039d372ba9f4
chalwk_test,77aff6a6-40ca-3075-ab5a-41478300df90
gnarlybears,bd934315-cfe7-4047-8594-87f2c0334ddc
lunasounds,d9def834-329e-44b6-8945-efa9082e10ed
kidgonemad2,cf99ed56-5961-45ee-a118-efc1542a5fc9
21sickcars,9de5d68e-e8e7-413f-9b70-4fadfde893a6
wimpypig,07027242-5b93-440e-9d25-580cfe3380d4
antchu17,3f6134e1-f40e-460e-821b-b772e6b1a7b6
dusty_tornado,4d0ceee1-5d9f-448a-b36a-016fda8f027b
kevvandan,13611bd6-c6fe-414c-aab2-7ce5b7af9d01
nasty8812,2a19c9c0-0d69-4c38-b969-8119b2869c21
krazykylexd,83a0c61a-ca50-3045-9f33-1ee9f5e6e6cd
arkenbain,768e1835-a461-4af3-ae81-7709ee8f2105
yearlywriter,eb6f383a-6c3f-46a0-a6ab-b5ce688755c4
typhoon_,81271a89-20bb-44bb-a1b5-31ad830692da
milliekahlo,9afe386d-4272-4020-867c-4498a157cfa6
disdrgotskillz,a8b6cafa-4a5e-45ba-baf8-4f6123cbf66a
overlord2_2,0707ce02-8349-477d-8161-01d375a898dd
zacpan1,7846fc8b-eeb0-4250-a89a-8f5b50d6cc05
jenga468,94f540dc-4a61-4d71-b586-fd931c2444f7
lordus117,d4133917-45c3-4b60-b97f-5fc870864d1c
estherbunny,68ddcfda-5753-4ef7-8119-934db340c3e0
lazychickenz,45ef57a6-ab18-471b-b0d8-a1fb68d34cd6
bazerko26,1130fb2b-b842-43cc-a7d3-59d21e643542
_igoogie_,ff2663af-5729-42b8-9266-b243cc012c8b
jaydenwatts007,18e2c31a-e5a0-4cce-a4f8-0b97831c7d49
mapventure,b5a70a46-bec9-4bc6-aca6-3d5ef61428c5
tenp,66c1e32c-7168-434c-80a5-261941433bb2
awsmgrl888,9152d29f-3230-40c6-8aaa-bd78b0396d5f
dark_leader,d99782d5-4381-33ea-a4ba-b4c3b4eee004
korossu,09126e38-1d09-4d77-95b0-8bb1decf68cd
rollthedice2k16,e0cebdae-70b6-491a-a58e-306e7f3a5c23
ninjabacca,f5824280-9881-4d81-9752-c263102ddf05
crims0nwings,e3009697-0ae9-4a8d-8309-2eaa4da375ed
dvgamble,f1b0ca5e-9815-45c5-a9e5-5c5af9f0f499
zurgemc,b530a288-57fe-3724-a037-1336dfe4812e
mystictoast_,be1cf1a0-166a-4e62-bfee-3eb54bb098cd
joecram1,cf5e7e74-ff3b-4495-ae6d-cd0f56609a33
ladydivinexx,69416eb3-d9d4-4cc8-b3ca-40006d7b430a
skully_games,a608f1ef-6afa-452a-acdb-7f52dbf81f4e
whackychewbaccy,d62d72c7-6f20-3e22-8de8-e3f320f15c43
nytefal,dea594d8-5184-32b4-95c7-aeae5c97d5dd
kookie_krumble,9e69cda2-a00b-3e34-9a1d-ec11af88c118
friskypapyrus,94a7495e-122f-43c0-8bf8-d8bbc180c536
miawoodhd,e5c9b666-cde9-41fd-a851-a143faab6d0a
thekingpandaz,a98df2c2-143d-4824-80a9-541e812caaee
9_10,29f7ff18-5395-3ca5-b3da-184717527a07
peaness,605f247d-1844-491c-835e-1ebaf65e13a7
oblliv,02be774c-a3b1-409e-88d9-c28d1392e206
yognaught123,93a1630a-4423-4ca2-890c-6405a3852451
raspberrykiwi,d187c5be-8dad-4558-a6a5-3385ab791a13
rbb1213,0e72b9a7-eaad-4034-847c-1ab77bfbc61e
baby_apple,4448db29-b61e-4518-a11c-6b69f3dae557
peanutbutt,e4731a76-139a-46ae-bf6e-1cc807391f6f
cheezels_,6a2d481d-b9aa-32ef-ae30-dbc2d54bc677
eaty,cb09aae7-6747-4a09-8221-7c424144be25
rupo11,8ca5c1ea-459c-3005-89d8-8b0764026201
raseori,eb053325-3a9d-4361-855d-21bec7c74e51
thatguyeidanyt,73e03201-9bb8-489e-97c4-ab766dff6336
iriniz,b6e465af-d2c8-4538-8baa-d706cc80ca9d
octaviengg,2581355b-024c-3a96-a24a-d76b0f409d43
petergarrett,b92cda13-f250-46c3-9c3e-cd9b99b84742
_augustplays_,b2a574f7-1529-429d-b5d5-6ed444e2b998
muddchi,dee9baf0-28f4-47e0-88e0-1fd946ccc546
voltron569,d0f1b7ad-187c-4f9a-a981-671b7a39d33d
danone3,99ceba5c-b42d-4a3a-8a35-e7cb2df4a8d7
fleexie,057b3b7b-5d31-4104-b679-e9eb0fd0a636
duvu666,93e1697a-8c32-43a3-8a57-0016bab8818c
xman5kirby,6f168c91-8130-428a-95c2-0a212996122f
shayla_kelly,e13f0aac-1147-45f2-941a-f7e6400cedfb
chrisyung704,95d3fd09-96c4-306f-a71e-9a1e41a8ce74
artimas77,7aa4f9a2-c854-4baa-a6cd-c8ddf5954040
legend0123,8598b03d-329b-4c91-9a3c-2007f54e8f69
relaxed_gamer,4a97978a-0cef-45ba-b731-3b2848c67241
gavoid,9e55b9ec-04fa-4829-975c-5a838f500ab6
scarlettjayde,a938c5ea-a646-40f3-b7c1-34f4670a4a8d
taiden_,18271224-98d1-451d-87a1-9dc5f9429126
dancingdoctor,a8b6cafa-4a5e-45ba-baf8-4f6123cbf66a
ihatelocust11,934088c4-eb3c-4f1c-b68c-2e59c1aaeb0a
e1mp_ryan,b18bc29f-08c2-3d79-81f1-6d86c43c260b
thebbqsauce,0c0aca89-1889-430a-b50a-d46c10534449
davidecastellini,f698d93c-54a2-4141-b51b-b114bd628901
addictedtorice,15ed0609-0c67-452d-ad06-4735eac22444
exision,d8b566fb-1064-4325-9875-02b8dfb9b7af
liamd143,7c1667bf-c73a-4024-94fb-cf176931b662
pqsxsquirrel,b152133a-a95d-4781-85f4-914b7090a548
xxkawiichanxx,3dfcf5ea-9d97-4c9b-a7f1-7af7e46b2c98
xreality_,aec7be38-b4d9-33d5-a231-24ed80be5e7a
minc,744de09c-e46d-4b22-806c-1707806bfebd
sickarnt,0c3ecd8d-85ad-455b-bd3c-59daffc228df
will79394,4302986c-cf26-49a2-b55f-6c19f99836a5
kajigawatts,e5241e94-db63-4db1-83c5-bd89b06ae12c
exoltor,51af6d91-9d95-42a8-b51e-d218f0d952b8
xmixez,cabe73a0-8dbb-4078-b107-69cac805fbe0
zbturtle,9b94356e-502a-3cd6-b63e-1d55ae0d5376
endshadow,e2486993-165a-4548-82f6-d9e9095b0f14
lgtbqlover,b8eb726d-a600-3fa2-bd67-fb2d69826fb9
traeliddo,f95acaa7-8055-46b9-aaf5-01559e77aa29
koolaidman35,840f4b27-9cf4-44a3-ac92-c59bfb64c7f3
yuukasumi,d30bea03-bf7e-4460-b192-8f353a2448e5
rk0660,960246f9-c103-4ae6-910a-3a9f690d241a
vpando,558e457d-1e34-47ad-a365-eb542c0d6a67
themagmarusher,250428c6-0f6d-40a1-bb46-570670075f9b
niian,afbdc40a-0164-40ca-8326-135703cfb75c
cats1010101,2b9bdfbf-4bb6-46c8-a452-c40b1959282e
happygreeny,a6aa7fd3-6df6-40c8-a11f-ec2465d8d657
versatile89,d680215c-83f4-4eba-8dc2-12ecd624037a
luuttaass,fc10104e-1254-4fdf-ac4a-2cbf78ba96a2
h0ax_,fa4978e4-d33a-325b-a1a7-a08b1ba9e3b0
xxpika_boyxxx,3a4566ce-3bfa-49bf-a603-08d1212eca05
hannahgrandy,80294e26-c181-400d-a0b6-027817c3b3c4
iiberzoxii,4d8f9a20-90d7-4671-a2c3-9947a7e5f870
chikedee,beeea95e-faae-4fd3-87e7-c9d871c34353
layiftrazhir,3e0693fc-76c3-448d-ab40-81b44fee05c6
samwhich48,24633556-eb6b-4ab6-adb8-6e159f85a8b7
skiddly_oz,54e5181f-64f6-4e53-97d6-f4541220896a
swirlio,e7e53c01-ef01-42a6-a7b2-196082cd1a88
jrjeavons,d13aac71-5597-4c23-b849-698c9a7adfaa
unleashedphoenix,327cbf4e-1fbf-3df4-85c5-c8c62c72bbb5
pandaman123456,5e19bc8c-37da-4858-a7f3-501cc6660b78
__br0wneyes,3e70dc59-2be6-478c-8740-3fca5f5c7424
alex_vampira,fcad395a-1d20-3e70-a897-c84ec4d3d5e0
rollerman48,b99dad82-9b04-4c8a-9b6f-ad8c1e0980bb
kolpik123_yt,a7d9e517-9429-437b-b704-89c7370683a9
frise2001,f996e66f-44ae-4cf4-a2de-be30118833f2
bigfatmuffin1,bdc776cb-0d10-4d53-bc5f-728f46155a00
ninjazymc,6db0a191-a19c-46da-947b-281e7b8db82e
ooospooky,f501b0c1-f8cd-49e2-890d-bc117e50a227
wonderwaffels,efb7ee11-5b8b-3bef-91ba-85a1e7703b9a
_lockie_,d8a70d43-8253-46ef-ad5d-8e1234a0e3a0
protectorofpeace,265dc8dd-702d-4f46-b812-d788001a5abf
wunndi_dat,26742c03-3ce4-4738-98be-cfd05a7c037d
chabana,e2e7dbb5-9477-48fb-ab66-42da08e65ebb
demonrobounicorn,95ea2386-2855-4dbb-8f0a-efb34f5b87f3
spoingegar,94ddc539-037c-44de-bcd2-9e91ab9d1378
sheneebabez,7158e57b-7668-4d32-b79c-b3cb040d42e6
niice,9ea5016c-e6d5-33fa-8a02-1c0a589e0c1c
redhotprime,a587fe72-93ea-4be6-b7bf-d0d433fd9352
garynotter,836acedd-fd26-4ccb-8789-7e79c916f62b
x_awesomepvp_x,61e15c1b-5614-45f5-896f-4ce1eabf3233
papashady,51858250-eadb-4b70-b768-684a14451248
xtinydancer,88df386e-5770-4c19-8dec-b2c118acb167
yourbroscotty,4e7c95bc-710f-4283-8c84-0f4b8563a467
captainzoid,f20b6b89-5329-40cb-817c-fcd1066b5b20
mitch_cap_5150,9477737b-2e10-48a2-b1a7-c27ab8738c61
jayrawrs,46632950-962a-4773-b2f7-d129a9066ad3
_fuzionpvp_,66ca14ff-1501-4fbc-b983-94e869c70ee2
kevinl2003,d4e7cebe-50a8-497f-916b-703aed7540db
sinsateon,52925e4b-1279-497a-8f9c-40f7f8141368
thepacifest123,84514611-67a2-44e6-a8ea-0a75fce7cb9f
juliaarg,81f91def-d9c8-399c-88ff-395c2a5468d2
eddxe,9099565f-dda5-4f37-b145-35cbec93ba39
itskuzkan,4420f86a-ae64-48cf-9550-9a6cafc0f44e
waterheck,85884b73-95d4-4ebb-9a15-00bcbd14bfae
cube075,77a1bff2-7169-4991-ac84-3f54b7967252
holo,dab65db6-1502-4454-803f-1656a001b021
budder_hawk,80435142-f814-37ac-90a7-741eb844c263
baconmuncher12,f94fd51a-528c-433d-88a6-60f1850401b2
tntboom321,b05660e4-39ad-33af-8045-ff9a91a9843d
bibso,a99af311-f9da-45dc-bec6-97bc43727752
bxtchesbetrippin,c3b99a33-4e40-3d84-90c0-a8152963cbf0
craftmor,2180428d-8e51-45b6-a27a-26d3dc2c47d3
ballisticmeep,9306b23d-8460-400c-ac08-852d4eb0c4ef
graylz,f5c6ffb7-a1f7-4831-998d-0f68f63889bb
smashman04,d95b4034-4027-4bff-a80a-914651903ee1
yusuf_kaya_pvp,b904cb8f-2475-3da1-ae23-3410ac377c6f
goldencookies,8f2cb82f-0e63-3c53-940f-46fd8a40b0cc
polawithac,ceeb57d6-d92c-4260-8539-aff123110333
yaaacool100,d680e920-5822-3fdd-b12f-268c8d8aabf4
lockie2000,e4a3e3e9-231d-48c2-93a1-0a3938096867
xxmizuchixx,cffb561e-1503-4128-aeba-e0570eda041e
netdisaster,25a0affe-0f1a-4f51-9292-9ee6448d40d9
xsupersonic_,08dbd42a-ff7d-4047-bc9f-3b9f3830ed83
epic_gamer_102,57e45f11-df02-4dfc-bb44-acbc7b97035c
halliann116,3dfcf5ea-9d97-4c9b-a7f1-7af7e46b2c98
dickie1310,463f7aad-502f-4720-a31e-b54ab2e9e55c
johnairs,1743394f-e645-4ef4-99cf-2caba0f9a052
fluffyoflo,b26a85a3-015c-4785-b9c1-4115fbe2e278
megakamii,5e467d68-28df-450e-b3eb-a1e378653452
eyelagalot,ba879ec1-f30d-421e-bba9-4a4d9906d672
freorabican,2420817c-5cda-4bad-9dc2-c747d4ced5c1
thecoatah,cd664635-0b04-4173-911a-3c0b55bc4d14
thecreeperjs,1b880c14-34b3-341a-b036-8fad60924f46
clivethebadass,a2ea5ea0-aa70-4db3-9799-55c48715018d
itzbadquality,833239e4-c8d9-4c31-9f27-e7b5a0f41402
from_thea,fbcc4318-6767-4c48-aba8-0354202e5c0c
pikagirl800,fc65f914-d5f0-46c9-ae43-8a54cd8fcde5
dancingpandas23,a8b6cafa-4a5e-45ba-baf8-4f6123cbf66a
strongarm2007,ad6f9304-7942-4c52-b7c2-49e26cc0588c
mtf2003,6856c31c-db6b-4447-b0fd-1fc41d663e97
lady_yashacat,ce369728-0aad-4d12-800e-cd68eab75c5d
jonawesomeness,5568d2eb-a07c-44da-b04b-cb15b1035ef3
jimmidude,63cd0cda-fa55-499f-bfd8-ca3051afeac9
unicorn_floppah,852c4491-033c-4b74-90e8-d876e94a9568
theblockr1214,9878c54c-821f-3d88-9eb4-6b944233cc2b
hitman00013,64cdae17-ac74-4239-a39b-ecc0374671bc
hockeyspycat,eb120855-09c2-479b-b6b8-a5feb90b7d45
steph16,2c2250e1-cd4f-4531-995d-e1db86d2e0cb
joebro2929,92c6d9ce-eb9b-433e-8ca0-6109a5f29dae
bovo_20,c113afcd-bba8-46bf-8008-afe7a0327f12
pitlife,02834456-316f-3721-9a11-1200bac62b27
afelna,7619e93f-fd5b-4c3f-8170-70f802683318
highexecutor,62f2b6c5-bb88-318f-90ad-96798e2b4b46
ransompanda,9cbf2c49-265a-3c11-a7c4-0bdba3f428ec
spacegalaxystar,4065a634-911b-47f4-a93c-7a2971a8b22d
mackaylie,39e37235-2046-4aac-a218-b75a4b7935b3
strom_surge,c96eed4d-e1d9-428f-8b7e-e9c157b973fa
beatingcreepers,889945c2-6614-4a2c-a818-38725779a99d
_tntgod_,1c7ea3ef-fe6f-419c-9e68-10cf2cb5e6b9
dawnofthejak,da7643cc-3451-4dc6-98f9-0768eb448239
pig721,aa953575-16d0-480f-b0b4-d12dbc16f68f
jarah,0f984299-5e4a-4b61-acb9-ad7fb8e8f617
10_inch_dick,42626e8a-9fa8-4ad3-8bed-32b4206de94a
falli,d8b566fb-1064-4325-9875-02b8dfb9b7af
xflipper,d1767fc8-f8de-4d38-989c-9ebbaf95bf4a
dreadt9,0d53ba54-25a4-4ad3-89e0-2013af3925f3
taiden,8eed1d3b-b081-434d-b067-f3603aedb3b2
s1zoma,6b51cad3-5454-391d-96f5-4d84bce7c42c
kubgaming,8663db3b-1100-4112-a917-89d189bd38fc
05wildflower,6bab59cd-1a5c-43c9-97e3-db99dc64a6a3
taybone_6,159b34f4-400c-4e86-aa66-267d0a595ade
silvyrose,c3b76a78-666e-4585-8a6e-413f993c2132
clemmph,ba8cd64b-23c5-430d-b66f-28a966ed5a9b
ozrotten,ae71e707-a3a3-4129-82b2-9a8c79117f33
zvkk,48ea1814-ad83-4a3d-a82b-f063fb262239
ziion7f,cc7bd544-a209-4c89-a8f2-d1208e9bc163
will7838,f271f92e-8b81-4c4f-b3a0-718722715180
jessejaws,32075f8c-0954-42c3-a8cb-fa9d683848d9
thevanquish,9686afd2-64fd-4bf2-9997-e153f3419f97
perkynana,02be774c-a3b1-409e-88d9-c28d1392e206
matttie01,30b86429-2dad-4b51-87fb-b5d56fb7e7e3
lukie2006,8988c1a7-1beb-4045-8265-c7e3be1b5693
reqiumofsouls,43f71e59-1587-4ee9-91ed-eaec55bc8609
canis_lupus88,1a8c43de-bca0-4ab9-a663-bbcf4a87dab8
bacon1992,c28448dd-4ef1-3538-a0ae-78a4d05de7f1
iobster,f85ba513-7e43-3af9-82bd-95ab27d3be09
billythebong,80ee4d02-eede-3631-92c1-c7da61d740bc
jible,e0bb5d9e-bd2d-4381-8b7d-3d67bd555ba0
yeonso,b31da66e-a821-4897-be25-c5074cae3272
flyier,8a2dedb7-7972-443e-802f-5511452c6ee1
jayload,9d31c51e-f5c7-45fa-a861-688485f35cbd
hannibun,2e7b6a62-45dd-4b05-9376-97bdac4bb73a
blitzhitter,3724d6df-5801-42bd-96ee-e3eaa84779cf
onlyfeisty,eb4f14a3-af99-481d-9e57-a23480cf9db6
imperfex,f9c20699-2856-46af-ae2b-b8fb95d070ac
wetchet,8399957b-824d-4d31-83bd-f8b30d953422
40the2,78a4579e-bbf4-47bb-8be9-167a7e332225
toromc,b00af0af-2dad-3f94-83b0-e37ab874e577
ze_flash,153b95b9-7e25-4cff-8345-d1b60996fef2
jjjzukujjj,044cfee5-fdf2-4c98-9ab0-9ad1d19e6bf1
robotninjamonkey,d869624b-8e2c-4111-9aeb-47da314cc5f3
rinne_sharingan,0b478112-3539-3c5e-a51d-868639a6d58d
tremolite,fbc81dd6-6483-4d3e-9215-d27eb26bd347
daltone316,11d53048-63d3-4596-82d9-464d2fe1ac34
imaginaryaus,2b7f11cf-433e-4e19-ba6b-8e452dffeecb
blue_shard,6b5956fb-c464-47a7-871b-a06cddd6e112
ruevenpro,2abeea2f-2a5c-4aa7-bc10-86090bf0acf7
fuelcut,ba5c538f-5bde-4e73-81ee-822cb1776784
zentatsu,91400fad-f3ba-4ff7-b40a-7ca5a16ba500
skippp,7b1f7c8d-db56-41c1-a5e6-3c6ed030136d
xxx_deeznuts_xxx,c4533c40-946a-4a6a-a3cf-52d59c26f5d8
kinkajuu,88ab7fb0-e41b-3d43-9f38-8b472fa176c0
mentalpancake,aba39c71-db5e-469e-93f4-e86f72fa6e91
mintjaz,e7ab012d-f4a5-49a3-ad15-f30b3a89c77d
diamondcc888,2015cc2c-bc4d-48d4-95df-0ba79587e064
azz2013,0868e3be-f445-4e33-ac5d-5d0b38070f1d
nexgeninsanity,9e87d067-03ff-4bd0-92b4-924aabca52fb
undergroundking_,ad28b43a-e399-494b-982f-ce136b8ac3e3
pumpkinpicklepie,22e7bf5c-c0a2-4a89-a4e6-b78c7ce77e99
tantycracker69,9434aea8-92dc-4c83-81e9-ca5f9d2ab39c
railyb,39c71a64-7beb-4fab-b62f-4e62d1e78bcf
sastomra,a5789a5b-91c6-3074-af21-b636f29fe320
callum22122,9ca7913d-96be-461b-b74d-139af2a6c53d
zepium,13a5d3d9-b96f-4b31-9f6c-08ac4e6d5b30
rukeyyalt,367ce5ce-53fa-431a-a2e1-265b2f6c2150
bencon94,7ce1a088-5d76-404b-99bb-71d8568d704e
angrynavyseal,535c2e66-78f1-36e8-b80d-eae2613d1435
ash1569,f680e099-51c3-4b7c-869c-a707688d0044
frayah12,02c92c35-3f25-3688-adf4-782e52700a50
kronked,dca2c4ef-a9cb-4358-a2d5-a3efa51edf73
yoshiworldofjazz,b9d58c50-d6e0-4c2f-96a8-de56ae87acf2
humanrights,8e47f1b4-e947-4f51-86c6-088142c72c9c
stumpyfoot,71a09583-919a-485a-babe-729c08e07c36
da_n00b_,d9d05d5e-26ab-42bf-9f4c-3ac056e54b08
lunashimmer,95e7aaa7-69f5-48cd-881c-fb7aa9b9ee60
charliebird2,c5127618-adfb-4c3c-91ac-873ad8ffa88f
pigachoo,e4731a76-139a-46ae-bf6e-1cc807391f6f
noobxor,5246f615-21ee-4785-8535-0f88645997e9
wolfboypro,3b74349a-2fee-4b0a-9d99-8b9160394d3d
thatgamingdingus,f75acab4-3a1c-47ec-ac46-bd29727d5b0f
chalwk_10,bfb81f04-b5f1-3494-90b4-3ebc9c1739ce
chibirose,af17317a-a4a6-4ff2-8456-8dcba98c296e
luucass,02be774c-a3b1-409e-88d9-c28d1392e206
themischief337,7d160db0-6db4-4f39-8c81-9b6505c8e015
tspams,bc90fd1a-51df-4999-9168-b210c354743a
vontato,ada7bc48-bec6-45ab-bce4-6626338aff4e
spartanc24,dd283f84-5e18-4366-8a75-41120f223005
riffzx,5999d9ad-affc-459b-a97b-6fde77c49d23
zcodes,85a733f4-5364-4323-aac3-555ef90b16eb
dylan0114,542050b4-6246-46a6-9400-d9759f3a5e39
hgraffo,d1803ff1-1d0a-4bce-8f78-715a7b73b800
socrispyfistme,c9dc35e1-e463-4dea-923d-040f2b746d8e
iamwhitefang04,6a26822f-0b6d-49d6-899b-8921c5a740d7
daisy_22,0d2a3972-5496-3166-8b3e-8d14c812938a
quadna,cd226d37-2676-4d93-83ce-921b35e1ca7c
zexyzek1345,3ceae243-c7aa-3064-a4b7-090ef5c63b05
min,4547ce78-f2fc-4b49-b16c-ceeea5facdce
randomt,be1a14dd-0644-4925-83f1-fb5bc68c35f9
vveleho,ff465c9b-5780-4892-9a44-033b882b73a2
paridot5xg,e4f01982-bdc8-435c-ab5a-15d6ff36371c
waeplays,df33394c-9cd1-4af4-b335-19040d13c307
holo_pearl,fbc81dd6-6483-4d3e-9215-d27eb26bd347
spexultra,be8c68d2-4f72-4435-81d5-90e5da328432
yourname,2e89354d-9bb9-36f8-9da3-a012549b500d
destinyzfate,cdfed756-0b26-4757-8a8b-c4ac36288731
captainchunk,aaaec537-af72-4df7-86fd-14c769251672
nova_a_terra,b3e6f864-0e4c-367e-aafa-8957a2b9dd32
malikae_,d9f4ba4f-3757-4bf4-b004-5b26b2531acd
redfacedassassin,0cf7c172-cd90-4216-8df5-882e22b444d7
pattywaggin,ed48d1b5-9f7b-4296-8504-3187a5fb3caf
googie41965,f805b517-9d1b-3cb7-937c-da51a1348483
joker_otis,d550881f-9020-4a2e-bd4b-edcf77439788
agentllama,7a6fbee2-f323-4f3d-a57a-ac0ac477107e
koolkatt,e7fbbf3d-5d78-44fa-9af5-243cd999a5c5
stigcrafter,e1d3f77f-aa24-4755-a1de-8952196e3290
xenno,94a7495e-122f-43c0-8bf8-d8bbc180c536
slipper,73d4127d-a8ac-44e5-9abe-9b96f4c86ccd
crusader010,cec20b13-abb7-4fab-819f-04ed4d0a8866
krushhh,6722f0d1-1788-4c47-8726-e15814cdd249
samalam33,bc0554bd-71ca-4cbc-a161-4a3b434f9880
slyyy8943,1edb01b0-5af9-44b6-b565-e4151b21234e
conjah,050e8f6a-7d22-4a4f-af48-cda38d65e9fe
craft_83210,690d1e10-116c-4ef2-af18-ae1fb537d44c
feistysquirrel,eb4f14a3-af99-481d-9e57-a23480cf9db6
greyrog,6011b3c4-711a-4a5a-8400-df881b5f7ea6
vegemity1402,424411da-a9d4-40fa-afcb-a21983cb5bac
radcrashmc,22eb7604-4877-4511-a75a-d06d3bc860ed
cooopeh,14dc20cc-7f3e-430d-85c8-dd96b167beb3
falconx_pvp,f917c622-e5ba-4826-a007-890775d1e8b9
16brenna,044dfe37-d8b6-4a83-a5c2-00064611cae9
staycurious,138a3d6c-0127-4db0-bc09-88b9921127e8
xkmmajorpayne,b5036e82-2a8d-4645-a26a-03bd75c59dd8
falkaryie,80b61d64-d282-4423-ac8a-ef91862e754e
avelant,e98d3141-95d9-4a18-bcf3-53253f4b2cd0
q9vex,711e0100-391d-492f-a70e-2b8abb6fe890
kittyraptor,a71fabab-f07a-4551-a36b-de3644dc99ed
diamond360,99c99b12-17ce-45dd-a05c-e7a40f88e146
precursor_gamma,31c04a58-8fe6-4f94-811c-668a6db379ab
wheekerz,139e49e6-cfdb-498c-8ddd-05f27ea8d74a
legendarykay,25441714-b552-41c1-9a42-a5c436390ae1
sappo789,8b799c30-f0cf-4619-94ac-b52153b3297c
pingpikachu,26a60df0-802c-3242-a039-c28072b3c605
_simonnn,230891ee-059c-49ab-8ccc-d8e9baa8780e
teenagediamond,d4fbaa18-1f28-450a-9567-4b9cb5c8850d
j_master_64,b503ea99-10ef-42bd-8a4a-0598307fb9ec
john518mc,c6794fde-b669-4d5f-9431-b48bea62d0aa
dankfrankthetank,e0cebdae-70b6-491a-a58e-306e7f3a5c23
generalwarts,2477a124-5e04-4201-8c62-6f8558a7861b
rops101,4e860ea7-eca8-4037-b0e8-12f524446bf5
brotherband,2a303255-6841-485b-be2c-d232b3b12f37
gusto9918,e8502127-7cfb-47c9-aa1e-9ad7226045ef
deerhunter34,261b8ead-2c62-4cce-92f9-ec926e999c17
emb3rcharm,8b746198-90b3-348e-96d2-cd43fe13138d
maxymax77,9ca50cb3-8921-403c-b24d-4c5075390436
reddog_24,50b2a5b8-4b48-48be-9627-b957e663cbe2
mhsaug20,0774fdc6-f0ad-4473-9840-7b8b64ca2233
dannyd97,b1193d63-a003-4213-882e-359323e12841
blueninja1206,7d29022e-1a31-4b88-8eb1-20a0d57b7e7b
minecraftcamron,1be8aabc-1d0d-45b9-afe3-79f53dea93b6
jlble,d52dc1ff-f0f4-4042-8d58-0c2e25da2a98
nestea69,dde8946d-8c0c-4ade-aa59-e980210c3f03
___santaclaus___,3d68831a-89e2-4d53-9860-45cd4529514a
belphegor_prince,d8a6e604-4c32-4bbc-9058-a017cd7f0f43
wackychocolate,5492e479-68b2-3afd-8405-20cda1a582d8
paterson56,05936426-c71c-4e36-8dee-a09ecf5588a9
skip8380,5a7cfb18-0132-3bb4-8eeb-7c067e5ed520
wookapotamus,09f91a56-d613-48dd-a12f-c2de3d0bf65f
king_killerz,4a2993ae-08d3-472a-8d09-ca69ede4f906
toggledoff,094da8b9-5b1b-4542-9d25-440f93ab9297
xx_the_hood_xx,04435676-6bb5-4f87-aefc-f3fb930e5ba6
bradleyj05,dc22f8e2-7c27-4ceb-98a4-405de7786512
hbarb,a2f17cc4-2c4f-44b4-92cb-6b7497cb7b0f
cmsophie,84fb8dfd-596a-4924-906d-2041bd020626
stonah,021c82d6-0fc5-4a97-8fe7-c8764624a1d2
4a_gaming,8e421c62-3d50-3ff5-bea9-ccb3c624499a
moosik,c8e4a639-d334-442a-830c-0ea9d61164f9
snickerrs_,c4e90849-c563-499f-8aa4-a18eaf546dd4
aiden0510,0fc7d1d2-5dec-4ea9-9fae-6d16dfe5d6d7
darkerlight1234,f31c1c99-51a6-40f1-b70f-413fbb1e1746
ryeley,b1fb114a-9a22-47da-88fc-f13814922dc3
q8_outlaws,26d6af71-0826-40e0-ad4b-f20f202d362b
flappysmallfish,3c3e01a1-d7aa-4989-9528-4cbea3fbb4e8
miller199,0db31958-4fdd-433f-b9da-29839ffd0613
aomineox,52b58d54-2a2e-49a7-af66-b257a3bd5123
197,fe8e832b-9c84-4fe4-b4a7-08689b4075f4
gezzabeast,83aa764f-319f-44d9-9655-957f5b7f2e77
_kevinnn,48b6a9a9-a706-4df1-a199-849db25599dd
brokenassassin64,43a7ddcf-7038-441e-b2f2-6e2b4a0ca489
ghostriderftw,0493f3a8-490d-4650-80cd-1d934fdb833c
horsegirl158,2fc1f74c-6289-4eee-8521-b6bce2a44fb1
h4l0,637f1a2b-a6c0-4e60-b0e1-ddead95feae6
power_deffence,17058b53-fa7c-339e-b566-725244d00da2
xenoscore,01b03e04-7914-4a3f-bbd1-0ee21461fd2e
enriquegg,2ae428d6-8423-425a-963d-a429750a302e
kuripamatto,262aa942-2279-4ced-9840-1983d518089d
hallofnick98,d3147e27-6234-4d58-9127-8dedbfb75660
arisenmacca,072ba5d6-1662-48ac-9d8f-fa0434dfa688
vampymadeline,7f4428ed-7988-4ea0-97fa-ae4eccb5daa4
jericraft,3ec0efa4-6ec1-38b0-bf5b-fa9f82031a87
jericraft_shop,c2b95a7a-9081-30bd-80f2-7ec3bdfc2e99
cakelover2003,6a0fda48-220f-4fd4-aaa5-a858c7630876
the_layz_sniper,55392e72-7e6d-4708-8f28-c2ec33602f06
harry_210606,66dc0560-7e24-4267-8752-143601f224c7
zman630,d2f93361-d000-3128-a4f9-aa72f7e0017d
oxsinity,54c8f670-0d14-4576-8501-839800ed1d00
elyetoon,568dca07-c37a-49ff-91f1-b183ce343bb7
water9414,6e43b74c-dd20-4b18-862b-ec445ed1df54
lashaycrystal,47bbeb7d-f221-46d5-9415-2d96648fc4e6
lycenroc,d52dc1ff-f0f4-4042-8d58-0c2e25da2a98
simplerocks,d3e1f00f-8a39-446c-b13b-02f679505f4c
jasperjagg,19b2c9d4-ba52-4841-9001-5a76722426c5
johnhenry3,f2e5236d-59c9-4849-a566-cf1fd08952ea
alex_herobrain,e0ef3ff5-1f5b-4330-a8ee-67a445721678
flynttt,0929480b-9675-48ed-b57d-18d457a20edc
lainao_o,aaa89e5b-f3e9-4826-b482-d01af00051ae
nitsuj711,2453d8f4-ef1f-4199-b145-570bade850d2
_limo_,e33ced94-50de-4dba-8ff9-99e70bfd9987
kitsunemoon,f35e9319-5aa1-465e-be15-6430f92e3caf
chater_gaming,379e54cf-257b-4de7-9fd8-d988efb1eb58
lj_creepers,b5c49182-1bee-3b11-8685-f07830abb111
nowinsky,e4f01982-bdc8-435c-ab5a-15d6ff36371c
cownerr,1656a69c-de6c-4028-bbe4-71a7fcebf5ee
ultraknight2000,00cafe94-9d6b-429f-9fb2-e26f6a76d0b7
reveng8359,92ab51dc-8d27-44b5-bede-5705da1edf4d
sassy_girly48,2bc65eb8-391a-431d-97d2-f39ba38a52e6
taurtis_plays,922b886e-588f-48de-a23f-0e1eae020003
xxfuwafuwachanxx,3dfcf5ea-9d97-4c9b-a7f1-7af7e46b2c98
mrdemonoid,4a2993ae-08d3-472a-8d09-ca69ede4f906
gossiped,b1fb114a-9a22-47da-88fc-f13814922dc3
cyberpuff,f548725f-6c74-4e23-ac18-c0d4bd724a26
fatgremlin,8b6896ae-e6a2-3de2-85e9-7c883a74937c
saby133,bf8f9969-87ea-36d2-ba14-4bc92e32f1fa
molinder2004,58e0e1ab-10e0-4723-86c1-ec108ea6c314
ausdragon21,37965260-b9a4-4f70-bb61-2eb6cf0b3dec
bradleyman,8215e444-85fc-3056-9a83-b9ea87d4dd4f
shtsngiggs,11daf302-bdc5-4ef7-9563-328e4b9d2026
speesbeef,195c4910-deba-44a1-bdeb-4a4499ad1bb0
arrowhead,b469bc34-3145-4253-91ec-7411ff83a259
snowygamer8,0d91c746-485c-41b9-a23d-60c41a10efb2
stingray56238,8b29560d-0003-45ac-b6c4-6a5483351744
theepicblock,aa57deb1-d538-3ea1-870e-bc781dd2d71b
firewarlock,1158cd0a-af23-4232-b587-8687c9994293
bluemonkey101,d9a95a2f-bcd9-4dbf-9c17-8520312f50e1
bjn33,41974a15-fd59-4c36-b959-1fcd93742c1c
xxqsfxx23,d6b51f36-b348-48e4-aaa8-1eaaa46b2944
yldog,13eaeb3b-513c-4fe8-b5d1-b4ec5b60f751
youkre,164d3389-33b6-4e29-9622-d5f421b71d31
flipper,6b0fdb9a-c8de-48cd-a0f2-92ce9ef38a6c
strandedmc,42dc7542-e52d-4338-8c57-0e70db605b1c
valtar099,e0acb85e-0cb3-4bca-aee3-52b775ee45b4
xoggax,f978b1d9-89d6-4405-b0e8-2074df8b14a8
jackbold,55a5f0b6-76a9-45e5-9bd7-bba035fb4636
happyrainbow05,c92bdb1f-a16f-410a-8370-95fd6dfd7b6a
hypocrispy,16ab9415-0be9-4861-9312-3c57fb7d74bd
coby9859,df23de77-efee-46ce-b133-8c4485a78fdc
fannel13,4b35a4ee-37a2-40d3-83a5-bfe40bd15600
thezacciniguy,fa3dfd26-4a0b-321c-8469-2eebd79b5cde
crazedpvp,99eda630-e709-3c54-9e68-94b994b73383
razorix06,de688156-bbe4-40d7-ab2e-c881d9b67fe1
sekinchan,3ffe5fc2-067c-4d41-bc0c-34bbc918ddd6
r_8,2e24ee92-c66a-4414-ade4-2a0d8d4dcfbd
watermelonely,6ae6cc6e-829a-4ceb-a385-e494f0e9bf25
bravelittlepanda,859d36da-79fb-4530-b49d-0b20f35f9432
dinnermudkip,8ee85371-294b-41cf-93c1-4d161c384e40
madcozbad,caeb7a55-96fb-3a90-8c4d-56dd9633a673
artemis_prime,1024c24a-c9ad-3310-a2af-a6bf90ac8cd6
weas,c618ab1e-f9e0-4e07-8cfc-9ef2c2bc07d2
hunterpat8977,94cf9a38-79c3-4fa1-82f5-4703e39a68ae
ikonb0bby,e38862f6-b169-3375-8051-6f95ba3cdd98
rasenganrules,5e876a57-8542-4adf-8932-234a105654b7
xxdasher44xx,a97a0483-9c6f-38a2-813c-d9342530d2a3
candlez,84c066d4-19e6-3b31-9a67-c7e1ce1f7bc7
o91,e4f01982-bdc8-435c-ab5a-15d6ff36371c
prziov,1b2a454a-91a5-4c7b-902d-b33ff07828de
o92,fbc81dd6-6483-4d3e-9215-d27eb26bd347
captainnedyarb,fed4493e-9ae4-450e-8d10-90a2c5e0f108
guppi_j_gaming,6a332e7c-65eb-4a46-ba28-c2f2b61d7987
watpsp1,7e1c4437-773d-4983-b228-10aa6814472b
_kooter_yt,bc9980be-5b4e-4900-a48f-81899256fb8c
hal0,ff69e288-810f-40d3-afad-b2af0d75f871
malson_,ecedd759-3340-467e-a057-d7a097575d7f
smelli,bfde8a20-2fc3-30c5-8fbf-0840e871179d
cheese_bug,ed4f6ae8-654c-3fe4-b48c-db68e8d03246
isokissa3,8c0d9cc3-c4fc-4b2b-b945-3726f6a6b3fb
nashinator,1d096c00-4992-4ba7-a4c8-756a36dbfeae
sheep_troll,4161b947-6eb5-4ad2-b0a5-6454f189795f
kalamitas,33f37889-4619-4210-827b-76455ad804f2
michaelwang35,6b1bbc4c-203b-46a0-9860-3db849bfa0c4
will,2be060b9-0768-496a-adc6-1d1f658efafd
mytakehomepayis0,099fd531-5231-40d5-bfe7-23da3e7af102
lisa07992,a7c17599-2841-47c8-bb39-111ef9128ccf
kinglouie93,6c7ad080-f086-4610-94ef-3c2e382a54d9
hairynipplelover,37e697db-648f-47d8-b3de-bafd2d2c5437
mewzette,bb991cec-b144-452b-ae04-aaa93184e6f8
welshdigger,9ddf7333-6d0e-4dcc-9f7b-5b2e60c33989
wyazz,1dbfcb55-8ca6-4092-88a1-24a0e1421d24
spellznsht,a4f0f176-0bb0-413d-963b-02474c500f3a
